5501,No,7443
5502,Yes,7443
5505,No,7445
5506,Yes,7445
5503,No,7444
5504,Yes,7444
5507,Generalized : >= 2 anatomical areas,7446
5508,Localized : <= 1 anatomical area,7446
5955,Yes,7700
5954,No,7700
5956,No,7701
5957,Yes,7701
5958,No,7702
5959,Yes,7702
8551,Yes,10117
8552,No,10117
5960,No,7703
5961,Yes,7703
5962,No,7704
5963,Yes,7704
5964,No,7705
5965,Yes,7705
8561,Yes,10124
8562,No,10124
5966,No,7706
5967,Yes,7706
5970,No,7708
5971,Yes,7708
5972,No,7709
5973,Yes,7709
5974,No,7710
5975,Yes,7710
5976,No,7711
5977,Yes,7711
5978,No,7712
5979,Yes,7712
5980,No,7713
5981,Yes,7713
5968,No,7707
5969,Yes,7707
5982,No,7714
5983,Yes,7714
5984,No,7715
5985,Yes,7715
5565,<12 m,7495
5566,>=12m to <7 years,7495
5567,>=7 years,7495
6029,<60 bpm,7741
6030,>=60 bpm,7741
5552,Present,7484
5551,Absent,7484
5554,Yes,7487
5553,No,7487
5556,Yes,7488
5555,No,7488
5568,No,7496
5569,Yes,7496
5561,< 2 months,7494
5562,>= 6 years,7494
5563,>= 6 months to < 6 years,7494
5564,>= 2 months to 6 months,7494
5591,Yes,7514
5590,No,7514
5665,Yes,7554
5664,No,7554
5613,Yes,7527
5612,No,7527
5626,Yes,7533
5625,No,7533
5393,Present,7376
5392,Absent,7376
5305,Yes,7330
5304,No,7330
5666,Feasible,7555
5667,Not feasible,7555
5653,No,7547
5654,Yes,7547
5395,Yes,7377
5394,No,7377
8608,6 months,10149
8609,>= 6 months < 12 months,10149
8610,> = months,10149
5330,< 90 %,7347
5331,>= 90 %,7347
5656,Yes,7548
5655,No,7548
5650,Unknown,7546
5651,Incomplete,7546
5652,Complete,7546
5669,Yes,7557
5668,No,7557
8496,< 2 months,10079
8497,>= 2 months < 6 months,10079
8498,>= 6 months < 59 months ,10079
8499,>= 5 years < 11 years,10079
8500,>= 11 < 15 years,10079
8501,> 15 years,10079
5341,Yes,7352
5342,No,7352
5387,Yes,7372
5386,No,7372
7094,Not feasible,8465
7038,Test/Assessment is unavailable,8409
7033,< 6 g/dL,8409
7034,>= 6 < 10 g/dL,8409
7035,>= 10 < 11 g/dL,8409
7036,>= 11 < 11.5 g/dL,8409
7037,>= 11.5 < 12 g/dL,8409
7039,>= 12 g/dL,8409
5850,Yes,7651
5849,No,7651
5836,No,7645
5837,Yes,7645
5948,No,7697
5949,Yes,7697
5482,Yes,7430
5481,No,7430
5826,No,7640
5827,Yes,7640
6051,No,7760
6052,Yes,7760
5484,Present,7431
5483,Absent,7431
5953,Yes,7699
5952,No,7699
5487,>= 30,7433
5488,< 30,7433
5446,Yes,7404
5445,No,7404
6520,Yes,7967
6519,No,7967
5675,No,7561
5676,Yes,7561
5933,No,7690
5934,Yes,7690
5702,Biological mother unavailable,7578
5703,Don't know,7578
5704,No,7578
5705,Yes,7578
5706,No,7579
5707,Yes,7579
5732,Unable to assess,7588
5733,Not feeding at all,7588
5734,Not feeding well,7588
5735,Feeding well,7588
5682,>=25kg,7567
5683,<25kg,7567
5743,No,7591
5744,Yes,7591
5686,No,7570
5687,Yes,7570
5688,No,7571
5689,Yes,7571
5698,IV,7576
5699,IM,7576
5700,Syrup,7576
5701,Pill,7576
5730,< 60 BPM,7587
5731,>= 60 BPM,7587
5715,Biological mother unavailable,7582
5716,Refuse,7582
5717,Don't know,7582
5718,No,7582
5719,Yes,7582
5770,>= 60 BPM,7603
5771,< 60 BPM,7603
5786,Referral refused or infeasible,7611
5787,Referral possible,7611
5834,No,7644
5835,Yes,7644
5833,Yes,7643
5832,No,7643
6077,Absent,7772
6078,Present,7772
5451,No,7407
5452,Yes,7407
6088,Absent,7777
6089,Present,7777
5896,No,7673
5897,Yes,7673
6776,>/=15y,8082
6777,>/=12y to <15 y,8082
6778,>/=9m to <12y,8082
6779,>/=2m and <9m,8082
6780,<2m,8082
5797,Present,7622
5796,Absent,7622
6094,Absent,7780
6095,Present,7780
5801,Yes,7624
5800,No,7624
5831,Yes,7642
5830,No,7642
5828,No,7641
5829,Yes,7641
5838,No,7646
5839,Yes,7646
5853,"Other milks (cows milk, goat's milk)",7652
5854,Infant formula,7652
5855,Breast milk,7652
5851,"Other foods or fluids (pooridge, water, juice)",7652
5852,Water,7652
5474,Yes,7425
5473,No,7425
5491,Yes,7437
5490,No,7437
5469,No,7423
5470,Yes,7423
5917,Not feeding at all,7683
5918,Not feeding well,7683
5919,Feeding well,7683
5736,Home / friend / community / family member,7590
5737,Local healer,7590
5738,Community health worker,7590
5739,Pharmacy / chemist / drug shop,7590
5740,Dispensary,7590
5741,Health center,7590
5742,Hospital,7590
5454,Yes,7408
5453,No,7408
5862,>=10y,7657
5863,>=6m to 10y,7657
5864,<6m,7657
5456,Yes,7409
5455,No,7409
6332,Yes,7885
6331,No,7885
5492,No,7439
5493,Yes,7439
5920,No,7684
5921,Yes,7684
5427,Yes,7393
5426,No,7393
5848,Yes,7650
5847,No,7650
5429,Yes,7394
5428,No,7394
5876,Yes,7663
5875,No,7663
6409,Unknown,7920
6410,>=6 months,7920
6411,<6 months,7920
5431,Yes,7395
5430,No,7395
5462,Yes,7417
5461,No,7417
5886,No,7669
5887,Yes,7669
7127,No,8778
7126,Yes,8778
5466,Present,7420
5465,Absent,7420
5907,No,7678
5908,Yes,7678
5902,No,7676
5903,Yes,7676
5904,Only,7677
5906,No,7677
5905,Any,7677
5909,No,7679
5910,Yes,7679
5922,No,7685
5923,Yes,7685
5941,Yes,7693
5940,No,7693
5912,Yes,7680
5911,No,7680
5913,No,7681
5914,Yes,7681
5916,Yes,7682
5915,No,7682
5924,No,7686
5925,Yes,7686
5927,Negative,7687
5928,Positive,7687
5926,Test/Assessment is unavailable,7687
5930,Yes,7688
5929,No,7688
5931,No,7689
5932,Yes,7689
5496,No,7441
5497,Yes,7441
6330,Yes,7884
6329,No,7884
6587,Yes,7990
6586,No,7990
6781,>/=15y,8083
6782,12-15y,8083
6783,9m-12y,8083
6784,<9m,8083
5398,No,7379
5399,Yes,7379
5406,Absent,7383
5407,Present,7383
5408,Absent,7384
5409,Present,7384
6535,Unknown,7972
6532,>= 37 weeks,7972
6533,>= 32 < 37 weeks,7972
6534,< 32 weeks,7972
5400,No,7380
5401,Yes,7380
6579,Yes,7986
6578,No,7986
6583,Yes,7988
6582,No,7988
5494,Absent,7440
5495,Present,7440
5423,Yes,7390
5422,No,7390
6665,Yes,8028
6664,No,8028
5476,Yes,7426
5475,No,7426
5480,Present,7429
5479,Absent,7429
5448,Yes,7405
5447,No,7405
5449,No,7406
5450,Yes,7406
5539,Unknown,7475
5541,Yes,7475
5540,No,7475
6133,Yes,7799
6132,No,7799
6135,Yes,7800
6134,No,7800
6222,>= 50 breaths/min,7840
6223,>= 40 < 50 breaths/min,7840
6224,>=30 < 40 breaths/min,7840
6225,>=20 < 30 breaths/min,7840
6226,< 20 breaths/min,7840
6344,Present,7891
6343,Absent,7891
6346,Yes,7892
6345,No,7892
6442,Yes,7934
6441,No,7934
6459,Yes,7942
6458,No,7942
6461,Yes,7943
6460,No,7943
6476,Yes,7950
6475,No,7950
6906,Yes,8135
6905,No,8135
6655,Yes,8023
6654,No,8023
6659,Yes,8025
6658,No,8025
6892,Yes,8128
6891,No,8128
6902,Yes,8133
6901,No,8133
6721,Yes,8056
6720,No,8056
6831,Yes,8100
6830,No,8100
6904,Yes,8134
6903,No,8134
6908,Yes,8136
6907,No,8136
6841,Present,8105
6840,Absent,8105
6866,Yes,8117
6865,No,8117
6867,Other,8118
6868,Dihydroartemisinin-Piperaquine,8118
6869,Artemether-Lumefantrine,8118
6879,Unknown,8123
6881,Yes,8123
6880,No,8123
6910,Yes,8137
6909,No,8137
6969,less than 90th,8382
6970,more than 90th,8382
5478,Yes,7428
5477,No,7428
7096,Yes,8466
7095,No,8466
5511,more than -2 z-score,7449
5512,-2 z-score,7449
5513,less than -2 z-score,7449
5460,Present,7416
5459,Absent,7416
5532,No,7472
5533,Yes,7472
5986,No,7717
5987,Yes,7717
10477,Yes,11994
10478,No,11994
6178,Yes,7821
6177,No,7821
6651,Yes,8021
6650,No,8021
6749,Yes,8069
6748,No,8069
6727,Yes,8059
6726,No,8059
6819,Present,8097
6818,Absent,8097
6944,Present,8369
6943,Absent,8369
6954,Yes,8374
6953,No,8374
7048,Yes,8439
7049,No,8439
6870,>=24m,8119
6871,3-24m,8119
6872,<3m,8119
6972,Yes,8383
6971,No,8383
5622,<2 months,7532
5623,">= 2 months, <10 years",7532
5624,>=10 years,7532
6771,>=60d,8080
6772,1-59d,8080
6773,<1d,8080
7040,>=15 years,8432
7041,<0 months,8432
7042,0-15 years,8432
5498,> 7 years old,7442
5499,>= 1 to <= 7 years old,7442
5500,1 year,7442
5527,>=18m,7464
5528,<18m,7464
6717,Yes,8054
6716,No,8054
7097,Fail,8467
7098,Pass,8467
7090,Negative,8463
7091,Positive,8463
7089,Test/Assessment is unavailable,8463
5514,more than -2 z-score,7450
5515,-2 z-score,7450
5516,less than -3 z-score,7450
6261,Yes,7853
6260,No,7853
6540,Other,7976
6541,Neighbour/Friend,7976
6542,Sister/Brother,7976
6544,Grandparent,7976
6545,Aunt/Uncle,7976
6546,Mother/Father,7976
5425,Yes,7391
5424,No,7391
6689,Yes,8040
6688,No,8040
6924,Yes,8352
6923,No,8352
8702,Present,10473
8703,Absent,10473
26823,Yes,22723
26824,No,22723
8554,No,10120
8553,Yes,10120
5340,Yes,7351
5339,No,7351
5421,Yes,7389
5420,No,7389
5489,Not feasible,7435
5619,Follow-up (scheduled),7531
5620,Follow-up (unscheduled),7531
5621,New consultation,7531
5618,Referral from another facility,7531
8536,Referral from CHW,7531
5318,<7d,7339
5316,>=29d,7339
5317,7-28d (<29d),7339
6885,Yes,8125
6884,No,8125
6307,Yes,7875
6306,No,7875
6548,Yes,7977
6547,No,7977
6149,Yes,7808
6150,No,7808
6922,Yes,8347
6921,No,8347
6190,Child feels hot,7827
6189,Child does not feel hot,7827
6742,Yes,8066
6741,No,8066
6755,Yes,8072
6754,No,8072
6757,Yes,8073
6756,No,8073
6764,Yes,8076
6763,No,8076
6775,Yes,8081
6774,No,8081
6946,Yes,8370
6945,No,8370
6244,Yes,7846
6243,No,7846
6948,Yes,8371
6947,No,8371
5607,Yes,7521
5606,No,7521
26827,no phone number,7607
5776,CHW,7607
5778,person inside household,7607
5777,person outside household,7607
5779,primary caregiver,7607
5780,CHW,7609
5781,person outside household,7609
5782,person inside household,7609
5783,primary caregiver,7609
6061,Admitted for inpatient hospitalization at the current health facility,7764
6062,Referral for inpatient hospitalization at another health facility,7764
6063,No referral,7764
6064,Referral proposed but rejected by patient/caretaker,7764
5637,>=13y,7538
5638,>=5y - <13y,7538
5639,<5y,7538
6065,Referral to RCH clinic,7765
6066,Other outpatient referral,7765
6067,Referral for Malnutrition management,7765
6068,Referral for TB investigation,7765
6070,No referral to an outpatient consultation,7765
6069,Referral to HIV clinic,7765
6289,Yes,7867
6288,No,7867
6255,>= 60 months,7851
6256,>= 35 < 60 months,7851
6257,< 35 months,7851
6878,Yes,8122
6877,No,8122
6874,Yes,8120
6873,No,8120
7092,>=18m,8464
7093,<18m,8464
5529,>=9m,7467
5530,<9m,7467
5525,Negative,7459
5526,Positive,7459
5524,Unknown,7459
6559,Refuse,7980
6560,Don't know,7980
6562,Positive,7980
6561,Negative,7980
6538,Male,7975
6539,Female,7975
6826,Hemoglobin test,8099
8709,None needed,8099
6822,Widal test,8099
6823,Stool analysis,8099
6824,Blood glucose test,8099
6825,Syphilis rapid test,8099
6829,Urine analysis,8099
6828,HIV rapid test,8099
6827,Malaria test,8099
6450,> 15 years,7938
6451,>= 12 years < 15 years,7938
6452,>= 5 years < 12 years,7938
6453,>= 6 months < 5 years,7938
6454,>= 2 months < 6 months,7938
6455,< 2 months,7938
6973,Unknown,8384
6975,Yes,8384
6974,No,8384
7100,Negative,8468
7101,Positive,8468
7099,Test/Assessment is unavailable,8468
5441,No,7402
5442,Yes,7402
5377,Unknown,7368
5378,No,7368
5379,Yes,7368
6293,Present,7869
6292,Absent,7869
6569,>= 15 years,7984
6570,>= 5 months to < 15 years,7984
6571,< 5 months,7984
6960,Yes,8377
6959,No,8377
6435,>= 12 years,7932
6436,>=2 years < 12 years,7932
6437,>=2 months <2 years,7932
6438,< 2 months,7932
6287,Yes,7866
6286,No,7866
6181,>= 38°C,7823
6182,< 38 °C,7823
6147,Yes,7807
6148,No,7807
6278,< 12 years,7862
6279,>= 12 years,7862
5784,Absent,7610
5785,Present,7610
6683,Yes,8037
6682,No,8037
5609,Yes,7523
5608,No,7523
5336,<6 months,7349
5334,>= 5 years,7349
5335,>= 6 months < 5 years,7349
6291,Yes,7868
6290,No,7868
6281,Present,7863
6280,Absent,7863
5888,>= 60 months,7670
5889,>= 2 to < 60 months,7670
5890,< 2 months,7670
6154,Yes,7810
6153,No,7810
5880,Absent,7666
5881,Present,7666
5628,Yes,7534
5627,No,7534
6589,Yes,7991
6588,No,7991
6751,Yes,8070
6750,No,8070
6743,>=60 days,8067
6744,3-59 days,8067
6745,<3 days,8067
5799,Yes,7623
5798,No,7623
6252,>= 2 years to <15 years,7850
6253,>= 2 months to < 2 years,7850
6254,< 2 months,7850
6251,>= 15 years,7850
6277,>= 8 years,7861
6276,< 8 years,7861
6609,Yes,8001
6608,No,8001
5894,< 10 years,7672
5895,>= 10 years,7672
6073,No,7770
6074,Yes,7770
6102,No,7785
6103,Yes,7785
5616,No,7530
5617,Yes,7530
6143,Yes,7804
6142,No,7804
5589,Yes,7513
5588,No,7513
6537,Present,7973
6536,Absent,7973
5644,Same or better,7543
5645,Worse,7543
5648,No,7545
5649,Yes,7545
6705,Yes,8048
6704,No,8048
6157,Yes,7812
6158,No,7812
6186,Yes,7825
6185,No,7825
6126,Yes,7796
6127,No,7796
5824,No,7639
5825,Yes,7639
6497,>= 2 months to < 15 years,7958
6498,< 2 months,7958
6496,>= 15 years,7958
6248,Yes,7848
6247,No,7848
6100,No,7784
6101,Yes,7784
6336,Yes,7887
6335,No,7887
6269,Present,7857
6268,Absent,7857
6626,<1,8010
6627,>= 8,8010
6628,>= 1 to < 8,8010
6687,Yes,8039
6686,No,8039
6992,Yes,8390
6991,No,8390
6701,Yes,8046
6700,No,8046
6699,Yes,8045
6698,No,8045
5946,Absent,7696
5947,Present,7696
5874,Yes,7662
5873,No,7662
5389,Yes,7373
5388,No,7373
6936,Present,8362
6935,Absent,8362
7019,Yes,8403
7018,No,8403
6611,Yes,8002
6610,No,8002
5860,No,7656
5861,Yes,7656
6304,No,7874
6305,Yes,7874
6129,Yes,7797
6128,No,7797
6404,>=24 months to < 15 years,7919
6406,>=12 months to <24 months,7919
6407,>=2months to < 12 months,7919
6408,< 2 months,7919
6405,>= 15 years,7919
6793,Unknown,8087
6794,Negative - Rapid test,8087
6795,Positive - Rapid test,8087
6797,Positive - PCR test (virology),8087
6796,Negative - PCR test (virology),8087
6447,Yes,7936
6446,No,7936
5404,Absent,7382
5405,Present,7382
5585,Yes,7511
5584,No,7511
6695,Yes,8043
6694,No,8043
6212,Yes,7836
6211,No,7836
6210,Unknown,7836
5670,Unknown,7558
5672,Yes,7558
5671,No,7558
6311,Yes,7877
6310,No,7877
5657,Unknown,7549
5659,Yes,7549
5658,No,7549
6055,>/=15y,7762
6056,12-15y,7762
6057,9m-12y,7762
6058,<9m,7762
6766,Yes,8077
6765,No,8077
5435,No,7397
5434,Unable to ascertain,7397
5436,Yes,7397
5845,No,7649
5846,Yes,7649
5809,Yes,7630
5808,No,7630
5391,Yes,7374
5390,No,7374
6361,Yes,7899
6360,No,7899
6747,Yes,8068
6746,No,8068
6516,Yes,7965
6515,No,7965
5697,< 2 kg,7574
5695,>= 2.5 kg,7574
5696,>= 2 < 2.5 kg,7574
6986,No movement even when stimulated,8388
6987,Movement only when stimulated,8388
6988,Movement without stimulation,8388
6928,Yes,8356
6927,No,8356
6926,Yes,8355
6925,No,8355
6770,Yes,8079
6769,No,8079
6637,Yes,8014
6636,No,8014
5822,No,7637
5823,Yes,7637
6896,Yes,8130
6895,No,8130
5418,No,7388
5419,Yes,7388
6137,Yes,7801
6136,No,7801
6897,The same or worse,8131
6898,Improved,8131
8549,Yes,10115
8550,No,10115
6933,Less than 8,8361
6934,8 or more,8361
6846,The same or worse,8108
6847,Improved,8108
6615,Yes,8004
6614,No,8004
6510,Yes,7962
6509,No,7962
6443,Unknown,7935
6445,Yes,7935
6444,No,7935
6805,Present,8091
6804,Absent,8091
7002,Present,8395
7001,Absent,8395
6649,Yes,8020
6648,No,8020
6377,Yes,7905
6376,No,7905
6365,Yes,7901
6364,No,7901
6513,No,7964
6514,Yes,7964
6512,Yes,7963
6511,No,7963
5891,>= 15 years,7671
5892,>= 2 months to < 15 years,7671
5893,< 2 months,7671
5950,No,7698
5951,Yes,7698
5412,No,7386
5413,Yes,7386
5859,Yes,7655
5858,No,7655
5814,Unknown,7635
5815,>=5 days,7635
5816,4 days,7635
5817,3 days,7635
5818,2 days,7635
5819,<2d,7635
5437,No,7398
5438,Yes,7398
6887,Yes,8126
6886,No,8126
6862,Yes,8115
6861,No,8115
6883,Yes,8124
6882,No,8124
6952,Yes,8373
6951,No,8373
6768,Yes,8078
6767,No,8078
6863,No,8116
6864,Yes,8116
5458,Yes,7411
5457,No,7411
6619,Yes,8006
6618,No,8006
5354,No,7357
5355,Yes,7357
8672,Yes,10452
8673,No,10452
8674,Yes,10453
8675,No,10453
8678,Yes,10457
8679,No,10457
6888,Unknown,8127
6890,Yes,8127
6889,No,8127
7047,Yes,8437
7046,No,8437
5813,Yes,7634
5812,No,7634
8558,No,10122
8557,Yes,10122
7016,Visibly fast,8402
7017,Visibly normal,8402
7109,30-40,8470
7110,20-30,8470
7111,<20,8470
7112,Not feasible,8470
7113,>/=60,8470
7114,50-60,8470
7115,40-50,8470
5325,1 day,7342
5321,>= 60 days,7342
5322,22 - 59 days,7342
5323,14 - 21 days,7342
5324,2 - 13 days,7342
5593,Yes,7515
5592,No,7515
5575,Yes,7502
5574,No,7502
6625,Yes,8009
6624,No,8009
6107,>=100,7787
6108,<100,7787
6109,Not feasible,7787
7080,Yes,8458
7079,No,8458
7078,Test/Assessment is unavailable,8458
8555,Yes,10121
8556,No,10121
5690,Other ,7572
5691,Home/community/friend or family's home,7572
5692,Dispensary,7572
5693,Health Center,7572
5694,Hospital,7572
5632,>= 13 years < 15 years,7537
5633,>= 5years < 13 years,7537
5634,>= 12 months < 60,7537
5635,>= 2 months < 12,7537
5636,< 2 months,7537
5631,>= 15 years,7537
5720,Don't know,7583
5721,No,7583
5722,Yes,7583
6549,Don't know,7978
6551,On time,7978
6553,Very early,7978
6552,Early,7978
6550,Late,7978
6554,Don't know,7979
6555,Large,7979
6556,Normal,7979
6557,Small,7979
6558,Very small,7979
5414,>= 37 weeks,7387
5415,>=32 - <37 weeks,7387
5416,<32 weeks,7387
5417,Unknown,7387
6075,Absent,7771
6076,Present,7771
6432,Present,7930
6431,Absent,7930
5601,>=15y,7519
5602,>=13y to <15y,7519
5603,<13y,7519
6675,Present,8033
6674,Absent,8033
6217,Negative,7838
6218,Positive,7838
6216,Test/Assessment is unavailable,7838
6213,Test/Assessment is unavailable,7837
6215,Positive,7837
6214,Negative,7837
6171,>= 14 days,7819
6172,< 4 days,7819
6173,>= 4 days < 7 days,7819
6174,>= 7 days < 14 days,7819
7083,Unknown,8461
7084,Improvement,8461
7085,No improvement,8461
6591,Yes,7992
6590,No,7992
6839,Yes,8104
6838,No,8104
6709,Yes,8050
6708,No,8050
6156,No,7811
6155,Yes,7811
5944,Yes,7695
5945,No,7695
6227,>=5 years to < 15 years,7841
6229,>= 12 months < 5 years,7841
6230,>= 2 months < 12 months,7841
6231,< 2 months,7841
6228,>= 15 years,7841
5345,more than 60 months,7354
5346,between 36 and 60 months,7354
5347,between 24 and 36 months,7354
5348,between 12 and 24 months,7354
5349,between 6 and 12 months,7354
5350,less than 2 months,7354
5351,between 2 and 6 months,7354
7009,Present,8398
7008,Absent,8398
6998,Present,8393
6997,Absent,8393
6267,Yes,7856
6266,No,7856
6467,Yes,7946
6466,No,7946
6430,Present,7929
6429,Absent,7929
7000,Present,8394
6999,Absent,8394
8730,Yes,10485
8731,No,10485
6434,Present,7931
6433,Absent,7931
5996,No,7723
5997,Yes,7723
6613,Yes,8003
6612,No,8003
6713,Yes,8052
6712,No,8052
6918,Present,8344
6917,Absent,8344
6299,>= 36 months to 15 years,7872
6300,>=12 < 36 months,7872
6301,< 12 months,7872
6298,>= 15 years,7872
5439,No,7399
5440,Yes,7399
6719,Yes,8055
6718,No,8055
6232,> 15 years,7842
6233,>= 5 years to <= 14 years,7842
6234,>= 6 months to <= 59 months,7842
6235,>=2 months to <= 5 months,7842
6236,< 2 months,7842
5811,Yes,7633
5810,No,7633
6449,Present,7937
6448,Absent,7937
6421,Yes,7925
6420,No,7925
6758,Very swollen,8074
6759,Swollen,8074
6760,Normal,8074
6440,Present,7933
6439,Absent,7933
6599,Yes,7996
6598,No,7996
6956,Yes,8375
6955,No,8375
6595,Yes,7994
6594,No,7994
6845,Present,8107
6844,Absent,8107
7020, >= 80 mg/L,8404
7021,>= 40 < 80 mg/L,8404
7022,>= 10 < 40 mg/L,8404
7023,< 10 mg/L,8404
7024,Test/Assessment is unavailable,8404
7077,Yes,8457
7076,No,8457
6738,Yes,8064
6737,No,8064
6474,Yes,7949
6473,No,7949
6493,>= 2 years,7957
6494,1 - 2 years,7957
6495,< 1 year,7957
6527,>=35kg,7971
6528,25 to <35kg,7971
6529,15 to <25kg,7971
6530,5 to <15kg,7971
6531,<5Kg,7971
7026,Yes,8405
7025,No,8405
6504,>=12m,7960
6505,>=6m - <12m,7960
6506,<6m,7960
6468,<3 months,7947
6469,>=3 to <36 months,7947
6470,>=36 months,7947
8484,Yes,10076
8485,No,10076
6320,>=6,7882
6321,>=5,7882
6322,>=4,7882
6323,>=3,7882
6324,<3,7882
6661,Yes,8026
6660,No,8026
6994,Present,8391
6993,Absent,8391
6199,>=12 months  < 6 years,7832
6200,>= 6 years,7832
6201,< 12 months,7832
6208,2 or more convulsions,7835
6209,1 convulsion,7835
6597,Yes,7995
6596,No,7995
6703,Present,8047
6702,Absent,8047
7032,Yes,8408
7031,No,8408
6240,Yes,7844
6239,No,7844
6856,Yes,8112
6855,No,8112
8482,Yes,10075
8483,No,10075
7028,Yes,8406
7027,No,8406
6188,Yes,7826
6187,No,7826
6165,Yes,7816
6166,No,7816
6198,Yes,7831
6197,No,7831
6593,Yes,7993
6592,No,7993
8666,Present,10448
8667,Absent,10448
6151,Yes,7809
6152,No,7809
6093,Yes,7779
6092,No,7779
27072, .,23309
6729,Yes,8060
6728,No,8060
6572,>60m ,7985
6573,"36m, <60m",7985
6574,12m to <36m,7985
6575,6m to <12m,7985
6576,2m to <6m,7985
6577,<2m,7985
6568,Yes,7983
6567,No,7983
6657,Yes,8024
6656,No,8024
6790,Yes,8085
6789,No,8085
6283,Yes,7864
6282,No,7864
6566,Yes,7982
6565,No,7982
6014,< 15 minutes,7734
6015,>= 15 minutes,7734
5396,No,7378
5397,Yes,7378
6297,Yes,7871
6296,No,7871
27206,Yes,23431
27207,No,23431
6163,Yes,7815
6164,No,7815
7082,Yes,8459
7081,No,8459
6205,> 12 years,7834
6206,>= 6 months <= 12 years,7834
6207,< 6 months,7834
6691,Yes,8041
6690,No,8041
6843,Present,8106
6842,Absent,8106
6697,Yes,8044
6696,No,8044
6792,Yes,8086
6791,No,8086
6010,< 2 weeks,7732
6011,>= 2 weeks,7732
6711,Yes,8051
6710,No,8051
6485,Test/Assessment is unavailable,7955
6486,Negative,7955
6487,Positive,7955
6990,Yes,8389
6989,No,8389
6958,Yes,8376
6957,No,8376
6966,Yes,8380
6965,No,8380
6242,Yes,7845
6241,No,7845
6250,Present,7849
6249,Absent,7849
6237,More or equal to 24 months,7843
6238,Less than 24 months,7843
6111,Less than 14 days,7788
6110,More or equal than 14 days,7788
6983,Present,8386
6982,Absent,8386
6031,No,7742
6032,Yes,7742
6246,Yes,7847
6245,No,7847
6025,Removal with lesion,7739
6024,Unable to remove the object OR object not visible,7739
6026,Removal without lesion,7739
5995,Yes,7722
5994,No,7722
6585,Yes,7989
6584,No,7989
6273,Present,7859
6272,Absent,7859
6603,Yes,7998
6602,No,7998
6425,Yes,7927
6424,No,7927
6480,Present,7952
6479,Absent,7952
6482,Present,7953
6481,Absent,7953
8506,< 6 g/dL,10082
8507,>= 6 < 7 g/dL,10082
8508,>=7 < 9.5 g/dL,10082
8509,>= 9.5 < 10.5 g/dL,10082
8510,>= 10.5 < 11 g/dL,10082
8511,>= 11 < 12 g/dL,10082
8512,>= 12 g/dL,10082
8513,Test/Assessment is unavailable,10082
7030,Yes,8407
7029,No,8407
6681,Present,8036
6680,Absent,8036
7004,Present,8396
7003,Absent,8396
6119,Present,7792
6118,Absent,7792
5992,Absent,7720
5993,Present,7720
6800,No,8089
6801,Yes,8089
6003,Present,7726
6002,Absent,7726
6337,>= 14 days,7888
6338,< 14 days,7888
10386,Drinks normally,11937
10387,"Drinks eagerly, thirstly",11937
10388,Drinks poorly,11937
10389,Vomits immediately,11937
10390,Completely unable to drink,11937
6641,Yes,8016
6640,No,8016
6125,Present,7795
6124,Absent,7795
6123,Yes,7794
6122,No,7794
6121,Yes,7793
6120,No,7793
6285,Yes,7865
6284,No,7865
6144,>= 12 years,7806
6145,>= 2 months < 12 years,7806
6146,< 2 months,7806
6605,Yes,7999
6604,No,7999
5534,<6m,7474
5535,>=6m to <9m,7474
5536,>=9m to <12m,7474
5537,>=12m to <2y,7474
5538,>= 2 years,7474
6835,Yes,8102
6834,No,8102
6833,Yes,8101
6832,No,8101
6008,< 2 weeks,7731
6009,>= 2 weeks,7731
6263,Yes,7854
6262,No,7854
6340,Present,7889
6339,Absent,7889
6355,Yes,7896
6354,No,7896
6736,Present,8063
6735,Absent,8063
7005,Skin pinch goes back very slowly (>2 sec),8397
7007,Normal,8397
7006,Skin pinch goes back slowly (1-2 sec),8397
6837,Yes,8103
6836,No,8103
6499,>= 5 years,7959
6500,>= 24 to < 5 years,7959
6501,>= 6 to < 24 months,7959
6503,>= 2 to < 6 months,7959
6502,< 2 months,7959
6327,<4,7883
6328,>=6,7883
6325,5,7883
6326,4,7883
10391,Drinks normally,11938
10392,"Drinks eagerly, thirstly",11938
10393,Drinks poorly,11938
10394,Vomits immediately,11938
10395,Completely unable to drink,11938
6740,Yes,8065
6739,No,8065
6175,Yes,7820
6176,No,7820
6203,>= 11.5 < 12.5 cm,7833
6202,>= 12.5 cm,7833
6204,< 11.5 cm,7833
6219,> - 2 z-score,7839
6220,-2 z-score,7839
6221,< -2 z-score,7839
5685,Not feasible,7569
5684,Feasible,7569
5519,less than -2 z-score,7451
5518,-2 z-score,7451
5517,more than -2 z-score,7451
6457,Yes,7941
6456,No,7941
8541,< 10 years,10104
8542,>= 10 years,10104
8543,Yes,10105
8544,No,10105
8545,Yes,10106
8546,No,10106
8547,< 10 years,10107
8548,>= 10 years,10107
6715,Yes,8053
6714,No,8053
6295,Present,7870
6294,Absent,7870
6607,Yes,8000
6606,No,8000
6526,Yes,7970
6525,No,7970
8522,>= 12 to <15,10085
8519,>= 2 <6 months,10085
8523,>= 15 years,10085
8518,< 2 months,10085
8520,>= 6 to 60 months,10085
8521,>= 5 to 12 years,10085
5788,No,7614
5789,Yes,7614
6105,Negative,7786
6104,Test/Assessment is unavailable,7786
6106,Positive,7786
6319,Yes,7881
6318,No,7881
5359,Yes,7359
5358,No,7359
6964,Yes,8379
6963,No,8379
6876,Yes,8121
6875,No,8121
6508,Yes,7961
6507,No,7961
6303,Yes,7873
6302,No,7873
5988,Absent,7718
5989,Present,7718
5790,No,7615
5791,Yes,7615
6484,Yes,7954
6483,No,7954
6342,Present,7890
6341,Absent,7890
6334,Yes,7886
6333,No,7886
6472,Yes,7948
6471,No,7948
6315,Yes,7879
6314,No,7879
27496,Yes,23646
27497,No,23646
8696,Yes,10470
8697,No,10470
6645,Yes,8018
6644,No,8018
6396,Other,7915
6397,Face,7915
6707,Yes,8049
6706,No,8049
6860,Yes,8114
6859,No,8114
6854,Yes,8111
6853,No,8111
6858,Yes,8113
6857,No,8113
6524,Yes,7969
6523,No,7969
6635,Yes,8013
6634,No,8013
6317,Yes,7880
6316,No,7880
6139,Yes,7802
6138,No,7802
7013,Present,8400
7012,Absent,8400
6348,Yes,7893
6347,No,7893
5314,>= 2 weeks,7337
5315,< 2 weeks,7337
6363,Yes,7900
6362,No,7900
6669,Yes,8030
6668,No,8030
6802,No,8090
6803,Yes,8090
6647,Yes,8019
6646,No,8019
6518,Yes,7966
6517,No,7966
6488,Clavicular fracture,7956
6489,Test/Assessment is unavailable,7956
6490,No fracture or dislocation,7956
6491,Dislocation,7956
6492,Fracture,7956
6367,Yes,7902
6366,No,7902
8559,Yes,10123
8560,No,10123
6653,Present,8022
6652,Absent,8022
6368,Other ,7903
6369,Major joint,7903
6370,Feet,7903
6371,Genital area,7903
6372,Hands other than palms,7903
6373,Face,7903
6350,Yes,7894
6349,No,7894
6375,Yes,7904
6374,No,7904
6984,>= 5 % of total body surface area,8387
6985,< 5% of total body surface area (1% = hand palm),8387
6962,Yes,8378
6961,No,8378
6053,No,7761
6054,Yes,7761
6379,Yes,7906
6378,No,7906
6357,Yes,7897
6356,No,7897
6381,Yes,7907
6380,No,7907
6383,Yes,7908
6382,No,7908
6385,Yes,7909
6384,No,7909
6522,Yes,7968
6521,No,7968
6393,Yes,7913
6392,No,7913
6390,>= 5,7912
6391,< 5 cm,7912
6401,Present,7917
6400,Absent,7917
5643,Present,7541
5642,Absent,7541
6395,Yes,7914
6394,No,7914
6403,Present,7918
6402,Absent,7918
6399,Yes,7916
6398,No,7916
5356,No,7358
5357,Yes,7358
6160,Yes,7813
6159,No,7813
6807,Present,8092
6806,Absent,8092
6417,Present,7923
6416,Absent,7923
6762,Yes,8075
6761,No,8075
6581,Yes,7987
6580,No,7987
6617,Yes,8005
6616,No,8005
6419,Present,7924
6418,Absent,7924
6423,Present,7926
6422,Absent,7926
8732,Yes,10486
8733,No,10486
5542,< 2 years,7476
5543,>= 12 years,7476
5544,>= 6 to < 12 years,7476
5545,>= 2 to < 6 years,7476
6723,Yes,8057
6722,No,8057
6996,Present,8392
6995,Absent,8392
5877,>= 15 years,7664
5878,>= 6 months <= 14 years,7664
5879,< 6 months,7664
6725,Yes,8058
6724,No,8058
6623,Yes,8008
6622,No,8008
5380,No,7369
5381,Yes,7369
7015,Present,8401
7014,Absent,8401
5674,Present,7559
5673,Absent,7559
6894,Present,8129
6893,Absent,8129
6900,Present,8132
6899,Absent,8132
6938,Yes,8365
6937,No,8365
6601,Yes,7997
6600,No,7997
6643,Yes,8017
6642,No,8017
6478,Yes,7951
6477,No,7951
8611,< 6 months,10151
8612,>=6 months < 12 months,10151
8613,> 12 months,10151
8604,Yes,10147
8605,No,10147
8602,Yes,10146
8603,No,10146
8700,Yes,10472
8701,No,10472
6463,Yes,7944
6462,No,7944
6465,Yes,7945
6464,No,7945
6639,Yes,8015
6638,No,8015
6633,Yes,8012
6632,No,8012
6389,Absent,7911
6388,Present,7911
6387,Yes,7910
6386,No,7910
6673,Yes,8032
6672,No,8032
6677,Yes,8034
6676,No,8034
6359,Yes,7898
6358,No,7898
5882,No,7667
5883,Yes,7667
5884,No,7668
5885,Yes,7668
6629,>= 29,8011
6630,< 1,8011
6631,1 to 28,8011
5898,No,7674
5899,Yes,7674
6671,Yes,8031
6670,No,8031
5433,Yes,7396
5432,No,7396
6667,Yes,8029
6666,No,8029
6663,Yes,8027
6662,No,8027
5677,Worse,7562
5678,Same,7562
5679,Better,7562
5680,No,7566
5681,Yes,7566
5402,Absent,7381
5403,Present,7381
6968,Yes,8381
6967,No,8381
5792,Absent,7617
5793,Present,7617
6413,Present,7921
6412,Absent,7921
6415,Yes,7922
6414,No,7922
5546,Unknown,7477
5548,Yes,7477
5547,No,7477
27169,>= 2 kg,23386
27168,< 2 kg,23386
6131,Yes,7798
6130,No,7798
5803,Yes,7625
5802,No,7625
6685,Yes,8038
6684,No,8038
6564,Present,7981
6563,Absent,7981
5865,No,7658
5866,Yes,7658
5856,No,7654
5857,Yes,7654
5615,Yes,7528
5614,No,7528
5867,No,7659
5868,Yes,7659
5472,Yes,7424
5471,No,7424
6693,Yes,8042
6692,No,8042
6753,Present,8071
6752,Absent,8071
5807,Yes,7629
5806,No,7629
6679,Yes,8035
6678,No,8035
6799,Present,8088
6798,Absent,8088
6785,Test/Assessment is unavailable,8084
6786,Child too sick to perform test,8084
6787,Fail,8084
6788,Pass,8084
6821,Yes,8098
6820,No,8098
10263,>= 16 cm,11644
10264,>=13.5 cm to <16 cm,11644
10265,>= 11.5 cm to <13.5 cm,11644
10266,< 11.5 cm,11644
10378,Yes,11932
10379,No,11932
5871,Absent,7661
5872,Present,7661
6849,Yes,8109
6848,No,8109
6097,Other,7782
6098,Ova,7782
6099,Trophozoites / Cysts,7782
8708,Negative,7782
6096,Test/Assessment is unavailable,7782
6851,Negative,8110
6852,Positive,8110
6850,Test/Assessment is unavailable,8110
6932,Yes,8359
6931,No,8359
6042,Yes,7747
6041,No,7747
5661,Yes,7550
5660,No,7550
5870,Present,7660
5869,Absent,7660
29425,Yes,25928
29426,No,25928
6621,Yes,8007
6620,No,8007
6939,Absent,8367
6940,Present,8367
6942,Present,8368
6941,Absent,8368
5935,No,7691
5936,Yes,7691
5729,Yes,7586
5728,No,7586
5727,Don't know,7586
5714,Oral antibiotic,7581
5713,IM antibiotic,7581
5712,IV antibiotic,7581
5711,Antipiretic,7581
5710,Antimalarial,7581
5709,Anticonvulsant,7581
5708,Other,7581
5596,Feeding well,7516
5595,Not feeding well,7516
5594,Not feeding at all,7516
6161,Yes,7814
6162,No,7814
29660,Yes,26355
29661,No,26355
29759,Yes,26422
29760,No,26422
5531,Default value (25),7471
32667,<-3,30277
32668,"≥-3, <-2",30277
32669,"≥-2, <-1",30277
32670,"≥-1, ≤1",30277
32671,">1, ≤2",30277
32672,">2, ≤3",30277
32673,>3,30277
32688,<-3,30280
32689,"≥-3, <-2",30280
32690,"≥-2, <-1",30280
32691,"≥-1, ≤1",30280
32692,">1, ≤2",30280
32693,">2, ≤3",30280
32694,>3,30280
32709,<-4,30283
32710,"≥-4, <-3",30283
32711,"≥-3, <-2",30283
32712,"≥-2, <-1",30283
32713,"≥-1, ≤1",30283
32714,">1, ≤2",30283
32715,">2, ≤3",30283
32716,">3, ≤4",30283
32717,>4,30283
6919,Yes,8346
6920,No,8346
6140,Yes,7803
6141,No,7803
6916,Yes,8343
6915,No,8343
10059,true,11531
6913,Yes,8342
6914,No,8342
5364,> 14 years,7362
5365,< 5 years,7362
5366,>= 5 years >= 14 years,7362
6730,>=60d,8061
6731,29-59d,8061
6732,7-28d,8061
6733,1-7d,8061
6734,<1d,8061
7108,Not feasible,8469
7102,>/=60,8469
7103,50-60,8469
7104,40-50,8469
7105,30-40,8469
7106,20-30,8469
7107,<20,8469
6813,Yes,8095
6812,No,8095
6351,< 1 meter,7895
6352,>= 1.5 meters,7895
6353,>= 1 meter < 1.5 meters,7895
5301,more than 97th,7329
5302,between 75th and 97th,7329
5303,less than 75th,7329
6258,Male,7852
6259,Female,7852
6811,Yes,8094
6810,No,8094
6196,Present,7830
6195,Absent,7830
6950,Yes,8372
6949,No,8372
6912,Yes,8341
6911,No,8341
6192,Yes,7828
6191,No,7828
6167,Yes,7817
6168,No,7817
6184,Yes,7824
6183,No,7824
6275,Yes,7860
6274,No,7860
6270,>=3 cm,7858
6271,< 3 cm,7858
6265,Yes,7855
6264,No,7855
7011,Yes,8399
7010,No,8399
6194,Present,7829
6193,Absent,7829
6180,Present,7822
6179,Absent,7822
6313,Yes,7878
6312,No,7878
34730,<20kg,33604
34731,>=20kg,33604
31941,Yes,29430
31942,No,29430
31943,Yes,29431
31944,No,29431
32770,Yes,30781
32771,No,30781
5640,No,7539
5641,Yes,7539
5344,Present,7353
5343,Absent,7353
6308,No,7876
6309,Yes,7876
5384,No,7371
5385,Yes,7371
6930,Present,8357
6929,Absent,8357
5382,No,7370
5383,Yes,7370
6071,<46kg,7769
6072,>=46kg,7769
41872,<120cm,40054
41873,>=120cm,40054
32618,<-3,30270
32619,"≥-3, <-2",30270
32620,"≥-2, <-1",30270
32621,"≥-1, ≤1",30270
32622,">1, ≤2",30270
32623,">2, ≤3",30270
32624,>3,30270
6169,Yes,7818
6170,No,7818
5842,Unavailable,7648
5844,Normal,7648
5843,Pathologic,7648
5756,>= 35.5 < 38 °C,7597
5755,>= 38 °C,7597
5757,< 35.5 °C,7597
42115,Yes,40486
42116,No,40486
6081,5-7 mmol/L,7773
6082,3-5 mmol/L,7773
6083,2.5-3 mmol/L,7773
6084,<2.5mmol/L,7773
6085,Test/Assessment is unavailable,7773
6079,>=11.1 mmol/L,7773
6080,7-11.1 mmol/L,7773
42121,<45 mg/dL,40489
42122,45-53 mg/dL,40489
42123,54-89 mg/dL,40489
42124,90-125 mg/dL,40489
42125,126-199 mg/dL,40489
42126,>= 200  mg/dL,40489
42127,Test/Assessment is unavailable,40489
5840,No,7647
5841,Yes,7647
7043,more than -2 z-score,8434
7045,less than -2 z-score,8434
7044,-2 z-score,8434
32576,<-3,30264
32577,"≥-3, <-2",30264
32578,"≥-2, <-1",30264
32579,"≥-1, ≤1",30264
32580,">1, ≤2",30264
32581,">2, ≤3",30264
32582,>3,30264
6976,<90%,8385
6977,90-92%,8385
6978,>/=95%,8385
6979,Not feasible,8385
6980,92-94%,8385
6981,94-95%,8385
5762,>= 60 days,7600
5763,">= 29, < 60 days",7600
5764,>= 7 < 29 days,7600
5765,< 7 days,7600
6116,Unknown,7791
6114,>=2.5kg,7791
6115,1.5 to <2.5kg,7791
6117,<1.5kg,7791
